{"cameraMode":{"drawMode":0,"name":"Shaded","section":"Shading Mode"},"sceneLighting":true,"audioPlay":false,"sceneViewState":{"m_AlwaysRefresh":false,"showFog":true,"showSkybox":true,"showFlares":true,"showImageEffects":true,"showParticleSystems":true,"showVisualEffectGraphs":true,"m_FxEnabled":true},"in2DMode":false,"pivot":{"x":-0.3047911524772644,"y":-0.5096625089645386,"z":1.7519335746765137},"rotation":{"x":-0.23897700011730195,"y":0.06170480698347092,"z":-0.015219182707369328,"w":-0.9689473509788513},"size":1.1287428140640259,"orthographic":false}